titre,type_bien,type_annonce,prix,surface_m2,nb_chambres,nb_salons,nb_sdb,quartier,ville,description,source,date_publication,caracteristiques,url
Maison  aux  Lvelouje,Appartement,Location,14500000.0,,,,,,Nouakchott,"Petites annonces gratuites en Mauritanie -  - FranУЇais иЙиБиЈй Accueil Immobilier Automobile Informatique TУЉlУЉphonie Import Export Emploi Divers Qui sommes nous? ТЗ Nous contacter ТЗ Publier votre annonces ТЗ Votre Compte ТЗ RУЈglement ТЗ Liens Tout les prix sont affichУЉs en ancienne ouguiya (MRO)... Maison  aux  Lvelouje УтІУт УТВУт  УтУтУТЈУХ УТЙ  УТУТЇУтУТУтУЫУТЌУТЉ УтІУТЇ УЦУТЗ  УТЇУт УТЏУТЎУт    УТЇУтУТГУТЙУТБ  14 УтІУтУХ УЫУт  Prix (en MRO):  14,500,000 Ville: Ут УЫУТЇУЦУТДУЫУТЗ Nombre de visiteurs: 4723 L'annonceur: Cheikhkarib E-mail: C121SODE@GMAIL.COM TУЉlУЉphone: 33-42-27-73 Publier cette annonce sur Facebook M   Envoyer l'annonce У  vos contacts E-mail nТА 1 E-mail nТА 2 E-mail nТА 3 E-mail nТА 4 E-mail nТА 5 E-mail nТА 6 Envoyer M Т   Envoyer un message У  L'annonceur CatУЉgorie: Avis Proposition Plainte Nom: ----- TУЉlУЉphone: ------- E-mail: ----- Titre: DУЉtails : Envoyer Revenir Inscription Connexion Publiez gratuitement votre annonce ici Espace publicitaire payant Tel : 22.25.46.25 Email: wassit@
qui propose des bonnes affaires et des annonces en ligne pour acheter ou vendre une maison ou un terrain, louer un appartement,
mais aussi des voitures dтoccasion, des tУЉlУЉphones ou de l'УЉlectromУЉnager.
Vous y trouverez УЉgalement des offres dтemploi ou de services, du matУЉriel informatique, des produits multimУЉdia, mode et beautУЉ.
Passez une petite annonce gratuite partout en Mauritanie que vous soyez У  Nouakchott ou У  Nouadhibou ou n'importe quelle autre ville du pays. ТЉ 2010-2012 Wassit, Powered  by: ProgRIM Qui sommes nous? ТЗ Nous contacter ТЗ RУЈglement",wassit,33-42-27,climatisation,http://wassit.info/annonces/12434.html
"Machine de brique, parpaing, pavУТЉs autobloquant",Appartement,Location,,400.0,,,,,Nouakchott,"Petites annonces gratuites en Mauritanie -  - FranУЇais иЙиБиЈй Accueil Immobilier Automobile Informatique TУЉlУЉphonie Import Export Emploi Divers Qui sommes nous? ТЗ Nous contacter ТЗ Publier votre annonces ТЗ Votre Compte ТЗ RУЈglement ТЗ Liens Tout les prix sont affichУЉs en ancienne ouguiya (MRO)... Machine de brique, parpaing, pavУТЉs autobloquant Machine de brique, parpaing, pavУТЉs autobloquant
 
Contacte : Synergy    00905530758561 (whatsapp-viber)   
Origine Turquie. 
Code: 06  SBM 6.2
Machine a parpaing . Meilleure qualitУТЉ de machine УТ  pavУТЉ

Machine a parpaing prix SBM 6.2 CУЂтЌтЂest une machine a Parpaing Multi-fonctionnelle. Elle produit des Parpaings, Briques, PavУТЉs, Bordurs, Agglos, Buses et aussi des Caniveaux juste par changement de moules. Prix Machine a Parpaing a une capacitУТЉ de production de 6.000 Parpaings ou de 400 m2 pavУТЉs en 8 Heures.
Sa vibration spУТЉcial offre plus de resistance au blocs. Ville: Nouakchott - Mauritanie Nombre de visiteurs: 4312 L'annonceur: mussan E-mail: mussanbeton@yahoo.com TУЉlУЉphone: 00905530758561 Publier cette annonce sur Facebook M   Envoyer l'annonce У  vos contacts E-mail nТА 1 E-mail nТА 2 E-mail nТА 3 E-mail nТА 4 E-mail nТА 5 E-mail nТА 6 Envoyer M Т   Envoyer un message У  L'annonceur CatУЉgorie: Avis Proposition Plainte Nom: ----- TУЉlУЉphone: ------- E-mail: ----- Titre: DУЉtails : Envoyer Revenir Inscription Connexion Publiez gratuitement votre annonce ici Espace publicitaire payant Tel : 22.25.46.25 Email: wassit@
qui propose des bonnes affaires et des annonces en ligne pour acheter ou vendre une maison ou un terrain, louer un appartement,
mais aussi des voitures dтoccasion, des tУЉlУЉphones ou de l'УЉlectromУЉnager.
Vous y trouverez УЉgalement des offres dтemploi ou de services, du matУЉriel informatique, des produits multimУЉdia, mode et beautУЉ.
Passez une petite annonce gratuite partout en Mauritanie que vous soyez У  Nouakchott ou У  Nouadhibou ou n'importe quelle autre ville du pays. ТЉ 2010-2012 Wassit, Powered  by: ProgRIM Qu",wassit,,climatisation,http://wassit.info/annonces/12406.html
Machine de fabrication de brique,Appartement,Location,,,,,,,Nouakchott,"Petites annonces gratuites en Mauritanie -  - FranУЇais иЙиБиЈй Accueil Immobilier Automobile Informatique TУЉlУЉphonie Import Export Emploi Divers Qui sommes nous? ТЗ Nous contacter ТЗ Publier votre annonces ТЗ Votre Compte ТЗ RУЈglement ТЗ Liens Tout les prix sont affichУЉs en ancienne ouguiya (MRO)... Machine de fabrication de brique Machine de fabrication de brique
Code: 05 SBM 6.1
         Prix ""Ex works"": 45.500 eur                        
Synergy Makina  - Turquie / +90 553 075 85 61 ( whatsapp - viber ) 
UnitУТЉs de production de parpaing, bordure, hourdis, pavУТЉ
Origine Turquie.  

Machine pour Fabriquer des Parpaings SBM 6.1 est controlУТЉe par un opУТЉrateur avec des poignУТЉs a systeme hydraulique. Prix Pondeuse Parpaing TrУТЈs УТЉconomique. Sa vibration spУТЉcial offre plus de resistance au blocs. Ville: Nouakchott - Mauritanie Nombre de visiteurs: 4364 L'annonceur: mussan E-mail: mussanbeton@yahoo.com TУЉlУЉphone: 00905530758561 Publier cette annonce sur Facebook M   Envoyer l'annonce У  vos contacts E-mail nТА 1 E-mail nТА 2 E-mail nТА 3 E-mail nТА 4 E-mail nТА 5 E-mail nТА 6 Envoyer M Т   Envoyer un message У  L'annonceur CatУЉgorie: Avis Proposition Plainte Nom: ----- TУЉlУЉphone: ------- E-mail: ----- Titre: DУЉtails : Envoyer Revenir Inscription Connexion Publiez gratuitement votre annonce ici Espace publicitaire payant Tel : 22.25.46.25 Email: wassit@
qui propose des bonnes affaires et des annonces en ligne pour acheter ou vendre une maison ou un terrain, louer un appartement,
mais aussi des voitures dтoccasion, des tУЉlУЉphones ou de l'УЉlectromУЉnager.
Vous y trouverez УЉgalement des offres dтemploi ou de services, du matУЉriel informatique, des produits multimУЉdia, mode et beautУЉ.
Passez une petite annonce gratuite partout en Mauritanie que vous soyez У  Nouakchott ou У  Nouadhibou ou n'importe quelle autre ville du pays. ТЉ 2010-2012 Wassit, Powered  by: ProgRIM Qui sommes nous? ТЗ Nous contacter ТЗ RУЈglement",wassit,,climatisation,http://wassit.info/annonces/12405.html
Machine a parpaing,Appartement,Location,,250.0,,,,,Nouakchott,"Petites annonces gratuites en Mauritanie -  - FranУЇais иЙиБиЈй Accueil Immobilier Automobile Informatique TУЉlУЉphonie Import Export Emploi Divers Qui sommes nous? ТЗ Nous contacter ТЗ Publier votre annonces ТЗ Votre Compte ТЗ RУЈglement ТЗ Liens Tout les prix sont affichУЉs en ancienne ouguiya (MRO)... Machine a parpaing Machine a parpaing
Code: 03 SBM 4.1 
Machine a parpaing, brique, hourdis 
Origine Turquie. Synergy: +90 553 0758561

Machine a parpaing est controlУТЉe par un opУТЉrateur avec des poignУТЉs a systeme hydraulique. Pour une utilisation de 24HУЂтЌтSa vibration spУТЉcial offre plus de resistance au blocs. Les blocs, qui sont imprimУТЉes sur la palette, sont transportУТЉes dans la zone de sУТЉchage avec une brouette УТ  2 roues.

CУЂтЌтЂest une machine a parpaing Multi-fonctionnelle. Elle produit des Parpaings, Briques, PavУТЉs, Bordures, Agglos, Buses et aussi des Caniveaux juste par un geste de changement de moules.. Machine a parpaing a une capacitУТЉ de production de 4 000 Parpaings ou Brique ou de 250 m2 pavУТЉs en 8 Heures

Des essais post-production sont rУТЉalisУТЉs dans notre usine a fin de garantir une utilisation immУТЉdiate de nos machine a parpaing. Nos machine a parpaing sont expУТЉdiУТЉs dans le monde entier en peu de temps et УТ  meilleurs prix. Nous offrons 2 ans de garantie en cas de d Ville: Nouakchott - Mauritanie Nombre de visiteurs: 4179 L'annonceur: mussan E-mail: mussanbeton@yahoo.com TУЉlУЉphone: 00905530758561 Publier cette annonce sur Facebook M   Envoyer l'annonce У  vos contacts E-mail nТА 1 E-mail nТА 2 E-mail nТА 3 E-mail nТА 4 E-mail nТА 5 E-mail nТА 6 Envoyer M Т   Envoyer un message У  L'annonceur CatУЉgorie: Avis Proposition Plainte Nom: ----- TУЉlУЉphone: ------- E-mail: ----- Titre: DУЉtails : Envoyer Revenir Inscription Connexion Publiez gratuitement votre annonce ici Espace publicitaire payant Tel : 22.25.46.25 Email: wassit@
qui propose des bonnes affaires et des annonces en ligne pour acheter ou vendre une maison ou un terrain, louer un appartement,
ma",wassit,,climatisation,http://wassit.info/annonces/12403.html
COMPLEXE A VENDRE,Appartement,Location,725000.0,1800.0,4.0,,,,Nouakchott,"Petites annonces gratuites en Mauritanie -  - FranУЇais иЙиБиЈй Accueil Immobilier Automobile Informatique TУЉlУЉphonie Import Export Emploi Divers Qui sommes nous? ТЗ Nous contacter ТЗ Publier votre annonces ТЗ Votre Compte ТЗ RУЈglement ТЗ Liens Tout les prix sont affichУЉs en ancienne ouguiya (MRO)... COMPLEXE A VENDRE COMPLEXE RC+1 DE 1800M2 EN FACE A L'AGENCE ATTIJARI BANK A NOUADHIBOU COMPRENANNT PLUSIEURS COMMERCES STUDIOS BUREAUX PARKINGS POUR 12 VEHICULES LOGE GARDIEN GRAND HANGAR DE 25M SUR 50 M AVEC MAGASIN ET BUREAUX 4 CHAMBRES INDIVIDUELLES MAISON 3 HALL DE 8M SUR 5M 3CHAMBRES CUISINE DE 6M SUR 5M CHAMBRE A COUCHER BON PRIX Prix (en MRO):  725,000 Ville: Nouadhibou - Mauritanie Nombre de visiteurs: 4650 L'annonceur: MAHFOUDH AHMED2 E-mail: touensy1958@gmail.com TУЉlУЉphone: 0022236368009 Publier cette annonce sur Facebook M   Envoyer l'annonce У  vos contacts E-mail nТА 1 E-mail nТА 2 E-mail nТА 3 E-mail nТА 4 E-mail nТА 5 E-mail nТА 6 Envoyer M Т   Envoyer un message У  L'annonceur CatУЉgorie: Avis Proposition Plainte Nom: ----- TУЉlУЉphone: ------- E-mail: ----- Titre: DУЉtails : Envoyer Revenir Inscription Connexion Publiez gratuitement votre annonce ici Espace publicitaire payant Tel : 22.25.46.25 Email: wassit@
qui propose des bonnes affaires et des annonces en ligne pour acheter ou vendre une maison ou un terrain, louer un appartement,
mais aussi des voitures dтoccasion, des tУЉlУЉphones ou de l'УЉlectromУЉnager.
Vous y trouverez УЉgalement des offres dтemploi ou de services, du matУЉriel informatique, des produits multimУЉdia, mode et beautУЉ.
Passez une petite annonce gratuite partout en Mauritanie que vous soyez У  Nouakchott ou У  Nouadhibou ou n'importe quelle autre ville du pays. ТЉ 2010-2012 Wassit, Powered  by: ProgRIM Qui sommes nous? ТЗ Nous contacter ТЗ RУЈglement",wassit,,"garage, climatisation",http://wassit.info/annonces/12375.html
Un appartement meublУТЉ УТ  louer,Appartement,Location,150000.0,,,,,,Nouakchott,"Petites annonces gratuites en Mauritanie -  - FranУЇais иЙиБиЈй Accueil Immobilier Automobile Informatique TУЉlУЉphonie Import Export Emploi Divers Qui sommes nous? ТЗ Nous contacter ТЗ Publier votre annonces ТЗ Votre Compte ТЗ RУЈglement ТЗ Liens Tout les prix sont affichУЉs en ancienne ouguiya (MRO)... Un appartement meublУТЉ УТ  louer Un appartement meublУТЉ УТ  louer pour vos longs et courts sУТЉjours de vacances УТ  
a kouva prУТЈs d'УТЉpicerie jaune Nouakchott 
150000 MRO/mois
75000 MRO/15 jours
35000 MRO/ 7 Jours Prix (en MRO):  150,000 Ville: Nouakchott - Mauritanie Nombre de visiteurs: 5598 L'annonceur: Khalifadjike E-mail: baccisse@gmail.com TУЉlУЉphone: 20-83-12-17 Publier cette annonce sur Facebook M   Envoyer l'annonce У  vos contacts E-mail nТА 1 E-mail nТА 2 E-mail nТА 3 E-mail nТА 4 E-mail nТА 5 E-mail nТА 6 Envoyer M Т   Envoyer un message У  L'annonceur CatУЉgorie: Avis Proposition Plainte Nom: ----- TУЉlУЉphone: ------- E-mail: ----- Titre: DУЉtails : Envoyer Revenir Inscription Connexion Publiez gratuitement votre annonce ici Espace publicitaire payant Tel : 22.25.46.25 Email: wassit@
qui propose des bonnes affaires et des annonces en ligne pour acheter ou vendre une maison ou un terrain, louer un appartement,
mais aussi des voitures dтoccasion, des tУЉlУЉphones ou de l'УЉlectromУЉnager.
Vous y trouverez УЉgalement des offres dтemploi ou de services, du matУЉriel informatique, des produits multimУЉdia, mode et beautУЉ.
Passez une petite annonce gratuite partout en Mauritanie que vous soyez У  Nouakchott ou У  Nouadhibou ou n'importe quelle autre ville du pays. ТЉ 2010-2012 Wassit, Powered  by: ProgRIM Qui sommes nous? ТЗ Nous contacter ТЗ RУЈglement",wassit,20-83-12,climatisation,http://wassit.info/annonces/12312.html
УТЏУТЇУТБ УТЇУтУт УТЙУХ УтІ УТ­УтА 20 УтУТБУТЈ УТЇУтУтІУТЗУТЇУТБ УТЇУтУтУТЏУХ УтІ,Appartement,Location,,,,,,,Nouakchott,"Petites annonces gratuites en Mauritanie -  - FranУЇais иЙиБиЈй Accueil Immobilier Automobile Informatique TУЉlУЉphonie Import Export Emploi Divers Qui sommes nous? ТЗ Nous contacter ТЗ Publier votre annonces ТЗ Votre Compte ТЗ RУЈglement ТЗ Liens Tout les prix sont affichУЉs en ancienne ouguiya (MRO)... УТЏУТЇУТБ УТЇУтУт УТЙУХ УтІ УТ­УтА 20 УтУТБУТЈ УТЇУтУтІУТЗУТЇУТБ УТЇУтУтУТЏУХ УтІ УТЈУТБУТЊУтІУтЁУТЇУТЊ УТЇУтУТЅУТЊУТЌУТЇУТБ...30000УтУТЏУХ УтІУТЉ УтУтУТЇУТЊУТЕУТЇУт 22388837..42091401 Ville: Ут УЫУТЇУЦУТДУЫУТЗ Nombre de visiteurs: 4351 L'annonceur: Luky E-mail: luky60646@gmail.com TУЉlУЉphone: 002242091401 Publier cette annonce sur Facebook M   Envoyer l'annonce У  vos contacts E-mail nТА 1 E-mail nТА 2 E-mail nТА 3 E-mail nТА 4 E-mail nТА 5 E-mail nТА 6 Envoyer M Т   Envoyer un message У  L'annonceur CatУЉgorie: Avis Proposition Plainte Nom: ----- TУЉlУЉphone: ------- E-mail: ----- Titre: DУЉtails : Envoyer Revenir Inscription Connexion Publiez gratuitement votre annonce ici Espace publicitaire payant Tel : 22.25.46.25 Email: wassit@
qui propose des bonnes affaires et des annonces en ligne pour acheter ou vendre une maison ou un terrain, louer un appartement,
mais aussi des voitures dтoccasion, des tУЉlУЉphones ou de l'УЉlectromУЉnager.
Vous y trouverez УЉgalement des offres dтemploi ou de services, du matУЉriel informatique, des produits multimУЉdia, mode et beautУЉ.
Passez une petite annonce gratuite partout en Mauritanie que vous soyez У  Nouakchott ou У  Nouadhibou ou n'importe quelle autre ville du pays. ТЉ 2010-2012 Wassit, Powered  by: ProgRIM Qui sommes nous? ТЗ Nous contacter ТЗ RУЈglement",wassit,,climatisation,http://wassit.info/annonces/12274.html
УТЏУТЇУТБ УТЇУтУт УТЙУХ УтІ УТ­УтА 20 УтУТБУТЈ УТЇУтУтІУТЗУТЇУТБ УТЇУтУтУТЏУХ УтІ..,Appartement,Location,,,,,,,Nouakchott,"Petites annonces gratuites en Mauritanie -  - FranУЇais иЙиБиЈй Accueil Immobilier Automobile Informatique TУЉlУЉphonie Import Export Emploi Divers Qui sommes nous? ТЗ Nous contacter ТЗ Publier votre annonces ТЗ Votre Compte ТЗ RУЈglement ТЗ Liens Tout les prix sont affichУЉs en ancienne ouguiya (MRO)... УТЏУТЇУТБ УТЇУтУт УТЙУХ УтІ УТ­УтА 20 УтУТБУТЈ УТЇУтУтІУТЗУТЇУТБ УТЇУтУтУТЏУХ УтІ.. УтІУт УТВУт..УТКУТБУТУТЉ УЫУТЕУТЇУтУТЉ УЫУтІУТЗУТЈУТЎ УЫУТ­УтІУТЇУтІ УтІУТКУТЗУХ  УТГУт УТЏ..УЫУт УТЈУТЇУТБ..УтУтУТЇУХ УТЌУТЇУТБ..15000УтУТЏУХ УтІУТЉ..УТЃУЫ УтУтУТЈУХ УТЙ УТЈУТГУТЙУТБ УтІУТКУТБУХ ..УтУтУТЇУТЊУТЕУТЇУт..22388837..42091401 Ville: Ут УЫУТЇУЦУТДУЫУТЗ Nombre de visiteurs: 4106 L'annonceur: Luky E-mail: luky60646@gmail.com TУЉlУЉphone: 002242091401 Publier cette annonce sur Facebook M   Envoyer l'annonce У  vos contacts E-mail nТА 1 E-mail nТА 2 E-mail nТА 3 E-mail nТА 4 E-mail nТА 5 E-mail nТА 6 Envoyer M Т   Envoyer un message У  L'annonceur CatУЉgorie: Avis Proposition Plainte Nom: ----- TУЉlУЉphone: ------- E-mail: ----- Titre: DУЉtails : Envoyer Revenir Inscription Connexion Publiez gratuitement votre annonce ici Espace publicitaire payant Tel : 22.25.46.25 Email: wassit@
qui propose des bonnes affaires et des annonces en ligne pour acheter ou vendre une maison ou un terrain, louer un appartement,
mais aussi des voitures dтoccasion, des tУЉlУЉphones ou de l'УЉlectromУЉnager.
Vous y trouverez УЉgalement des offres dтemploi ou de services, du matУЉriel informatique, des produits multimУЉdia, mode et beautУЉ.
Passez une petite annonce gratuite partout en Mauritanie que vous soyez У  Nouakchott ou У  Nouadhibou ou n'importe quelle autre ville du pays. ТЉ 2010-2012 Wassit, Powered  by: ProgRIM Qui sommes nous? ТЗ Nous contacter ТЗ RУЈglement",wassit,,climatisation,http://wassit.info/annonces/12273.html
Terrain УТ  vendre dubai-toujouninie-nouakchott,Appartement,Location,800.0,,,,,,Nouakchott,"Petites annonces gratuites en Mauritanie -  - FranУЇais иЙиБиЈй Accueil Immobilier Automobile Informatique TУЉlУЉphonie Import Export Emploi Divers Qui sommes nous? ТЗ Nous contacter ТЗ Publier votre annonces ТЗ Votre Compte ТЗ RУЈglement ТЗ Liens Tout les prix sont affichУЉs en ancienne ouguiya (MRO)... Terrain УТ  vendre dubai-toujouninie-nouakchott УТЈУтУТЙУТЉ УТЃУТБУТЖУХ УТЉ УтУтУТЈУХ УТЙ
УТЏУТЈУХ  УТЊУЫУТЌУт УХ Ут  PK8
УтІУТГУТЇУТ­УТЊУтЁУТЇ 180 УтІУТЊУТБ УтІУТБУТЈУТЙ
УтУтУТЊУЫУТЇУТЕУт УтІУТЙ УТЇУтУТБУтУтІ 30403213 Prix (en MRO):  800 Ville: Nouakchott - Mauritanie Nombre de visiteurs: 4425 L'annonceur: SIDIK E-mail: aboubekrine2@gmail.com TУЉlУЉphone: 30-40-32-13 Publier cette annonce sur Facebook M   Envoyer l'annonce У  vos contacts E-mail nТА 1 E-mail nТА 2 E-mail nТА 3 E-mail nТА 4 E-mail nТА 5 E-mail nТА 6 Envoyer M Т   Envoyer un message У  L'annonceur CatУЉgorie: Avis Proposition Plainte Nom: ----- TУЉlУЉphone: ------- E-mail: ----- Titre: DУЉtails : Envoyer Revenir Inscription Connexion Publiez gratuitement votre annonce ici Espace publicitaire payant Tel : 22.25.46.25 Email: wassit@
qui propose des bonnes affaires et des annonces en ligne pour acheter ou vendre une maison ou un terrain, louer un appartement,
mais aussi des voitures dтoccasion, des tУЉlУЉphones ou de l'УЉlectromУЉnager.
Vous y trouverez УЉgalement des offres dтemploi ou de services, du matУЉriel informatique, des produits multimУЉdia, mode et beautУЉ.
Passez une petite annonce gratuite partout en Mauritanie que vous soyez У  Nouakchott ou У  Nouadhibou ou n'importe quelle autre ville du pays. ТЉ 2010-2012 Wassit, Powered  by: ProgRIM Qui sommes nous? ТЗ Nous contacter ТЗ RУЈglement",wassit,30-40-32,climatisation,http://wassit.info/annonces/12271.html
Dar anaiym,Appartement,Location,3500000.0,,,,,,Nouakchott,"Petites annonces gratuites en Mauritanie -  - FranУЇais иЙиБиЈй Accueil Immobilier Automobile Informatique TУЉlУЉphonie Import Export Emploi Divers Qui sommes nous? ТЗ Nous contacter ТЗ Publier votre annonces ТЗ Votre Compte ТЗ RУЈglement ТЗ Liens Tout les prix sont affichУЉs en ancienne ouguiya (MRO)... Dar anaiym УтІУт УТВУтУХ Ут  УТЙУтУтА УТЗУТБУХ Ут УТЇУтУТБУТГУтІУХ  Prix (en MRO):  3,500,000 Ville: Ут УЫУТЇУЦУТДУЫУТЗ Nombre de visiteurs: 4421 L'annonceur: Ahmed42 E-mail: rootsalk@gmail.com TУЉlУЉphone: 0022236106710 Publier cette annonce sur Facebook M   Envoyer l'annonce У  vos contacts E-mail nТА 1 E-mail nТА 2 E-mail nТА 3 E-mail nТА 4 E-mail nТА 5 E-mail nТА 6 Envoyer M Т   Envoyer un message У  L'annonceur CatУЉgorie: Avis Proposition Plainte Nom: ----- TУЉlУЉphone: ------- E-mail: ----- Titre: DУЉtails : Envoyer Revenir Inscription Connexion Publiez gratuitement votre annonce ici Espace publicitaire payant Tel : 22.25.46.25 Email: wassit@
qui propose des bonnes affaires et des annonces en ligne pour acheter ou vendre une maison ou un terrain, louer un appartement,
mais aussi des voitures dтoccasion, des tУЉlУЉphones ou de l'УЉlectromУЉnager.
Vous y trouverez УЉgalement des offres dтemploi ou de services, du matУЉriel informatique, des produits multimУЉdia, mode et beautУЉ.
Passez une petite annonce gratuite partout en Mauritanie que vous soyez У  Nouakchott ou У  Nouadhibou ou n'importe quelle autre ville du pays. ТЉ 2010-2012 Wassit, Powered  by: ProgRIM Qui sommes nous? ТЗ Nous contacter ТЗ RУЈglement",wassit,,climatisation,http://wassit.info/annonces/12270.html
", УТЏУТЇУТБ УТЇУтУт УТЙУХ УтІ УтУТБУТЈ УТЇУтУтІУТЗУТЇУТБ УТЇУтУтУТЏУХ УтІ",Appartement,Location,,,,,,,Nouakchott,"Petites annonces gratuites en Mauritanie -  - FranУЇais иЙиБиЈй Accueil Immobilier Automobile Informatique TУЉlУЉphonie Import Export Emploi Divers Qui sommes nous? ТЗ Nous contacter ТЗ Publier votre annonces ТЗ Votre Compte ТЗ RУЈglement ТЗ Liens Tout les prix sont affichУЉs en ancienne ouguiya (MRO)... , УТЏУТЇУТБ УТЇУтУт УТЙУХ УтІ УтУТБУТЈ УТЇУтУтІУТЗУТЇУТБ УТЇУтУтУТЏУХ УтІ УтІУт УТВУт УТКУТБУТУТЉ УЫУТЕУТЇУтУТЉ УЫУт УТЈУТЇУТБ 

УЫУтІУТЗУТЈУТЎ УЫУТ­УтІУТЇУтІ УтІУт  УТЇУтУТГУт УТЏ...
УТЇУтУТГУТЙУТБ УТЇУтУт УтЁУТЇУТІУтА..УТЈУТГУТЈУТЈ УТИУЫУТБУЫУТ УТЎУТЇУТЕУТЉ.
УтІУтУХ УЫУт  УТЇУЫУтУХ УТЉ УтУТЏУХ УтІУТЉ..! УтУтУТЊУЫУТЇУТЕУт..22388837..42091401 Ville: Ут УЫУТЇУЦУТДУЫУТЗ Nombre de visiteurs: 3487 L'annonceur: Luky E-mail: luky60646@gmail.com TУЉlУЉphone: 002242091401 Publier cette annonce sur Facebook M   Envoyer l'annonce У  vos contacts E-mail nТА 1 E-mail nТА 2 E-mail nТА 3 E-mail nТА 4 E-mail nТА 5 E-mail nТА 6 Envoyer M Т   Envoyer un message У  L'annonceur CatУЉgorie: Avis Proposition Plainte Nom: ----- TУЉlУЉphone: ------- E-mail: ----- Titre: DУЉtails : Envoyer Revenir Inscription Connexion Publiez gratuitement votre annonce ici Espace publicitaire payant Tel : 22.25.46.25 Email: wassit@
qui propose des bonnes affaires et des annonces en ligne pour acheter ou vendre une maison ou un terrain, louer un appartement,
mais aussi des voitures dтoccasion, des tУЉlУЉphones ou de l'УЉlectromУЉnager.
Vous y trouverez УЉgalement des offres dтemploi ou de services, du matУЉriel informatique, des produits multimУЉdia, mode et beautУЉ.
Passez une petite annonce gratuite partout en Mauritanie que vous soyez У  Nouakchott ou У  Nouadhibou ou n'importe quelle autre ville du pays. ТЉ 2010-2012 Wassit, Powered  by: ProgRIM Qui sommes nous? ТЗ Nous contacter ТЗ RУЈglement",wassit,,climatisation,http://wassit.info/annonces/12265.html
"Suite, appartement de service tout neuf parque privУТЉe 10min de l ancien aeroport",Appartement,Location,9500.0,,,,,,Nouakchott,"Petites annonces gratuites en Mauritanie -  - FranУЇais иЙиБиЈй Accueil Immobilier Automobile Informatique TУЉlУЉphonie Import Export Emploi Divers Qui sommes nous? ТЗ Nous contacter ТЗ Publier votre annonces ТЗ Votre Compte ТЗ RУЈglement ТЗ Liens Tout les prix sont affichУЉs en ancienne ouguiya (MRO)... Suite, appartement de service tout neuf parque privУТЉe 10min de l ancien aeroport abnb.me/EVmg/swMheGi2mB Prix (en MRO):  9,500 Ville: Nouakchott - Mauritanie Nombre de visiteurs: 3253 L'annonceur: Soumare2 E-mail: Parque@yesness.net TУЉlУЉphone: 33-33-27-51 Publier cette annonce sur Facebook M   Envoyer l'annonce У  vos contacts E-mail nТА 1 E-mail nТА 2 E-mail nТА 3 E-mail nТА 4 E-mail nТА 5 E-mail nТА 6 Envoyer M Т   Envoyer un message У  L'annonceur CatУЉgorie: Avis Proposition Plainte Nom: ----- TУЉlУЉphone: ------- E-mail: ----- Titre: DУЉtails : Envoyer Revenir Inscription Connexion Publiez gratuitement votre annonce ici Espace publicitaire payant Tel : 22.25.46.25 Email: wassit@
qui propose des bonnes affaires et des annonces en ligne pour acheter ou vendre une maison ou un terrain, louer un appartement,
mais aussi des voitures dтoccasion, des tУЉlУЉphones ou de l'УЉlectromУЉnager.
Vous y trouverez УЉgalement des offres dтemploi ou de services, du matУЉriel informatique, des produits multimУЉdia, mode et beautУЉ.
Passez une petite annonce gratuite partout en Mauritanie que vous soyez У  Nouakchott ou У  Nouadhibou ou n'importe quelle autre ville du pays. ТЉ 2010-2012 Wassit, Powered  by: ProgRIM Qui sommes nous? ТЗ Nous contacter ТЗ RУЈglement",wassit,33-33-27,climatisation,http://wassit.info/annonces/12221.html
Sac УТ  main montre et autres accessoires de marque dУТЉjУТ  utilisУТЉ.,Appartement,Location,6000.0,,,,,,Nouakchott,"Petites annonces gratuites en Mauritanie -  - FranУЇais иЙиБиЈй Accueil Immobilier Automobile Informatique TУЉlУЉphonie Import Export Emploi Divers Qui sommes nous? ТЗ Nous contacter ТЗ Publier votre annonces ТЗ Votre Compte ТЗ RУЈglement ТЗ Liens Tout les prix sont affichУЉs en ancienne ouguiya (MRO)... Sac УТ  main montre et autres accessoires de marque dУТЉjУТ  utilisУТЉ. Sac tommy 6000 MRO ,montre mikael kors  10000 MRO,
Tasbih achetУТЉ en Turquie 500 MRO l un , grand tapis de priУТЈre 7000 MRO etc tout УТ  des prix trУТЈs attactifs... Ville: Nouakchott - Mauritanie Nombre de visiteurs: 2859 L'annonceur: Nurah2124 E-mail: Nurah2124@gmail.com TУЉlУЉphone: 34-92-43-89 Publier cette annonce sur Facebook M   Envoyer l'annonce У  vos contacts E-mail nТА 1 E-mail nТА 2 E-mail nТА 3 E-mail nТА 4 E-mail nТА 5 E-mail nТА 6 Envoyer M Т   Envoyer un message У  L'annonceur CatУЉgorie: Avis Proposition Plainte Nom: ----- TУЉlУЉphone: ------- E-mail: ----- Titre: DУЉtails : Envoyer Revenir Inscription Connexion Publiez gratuitement votre annonce ici Espace publicitaire payant Tel : 22.25.46.25 Email: wassit@
qui propose des bonnes affaires et des annonces en ligne pour acheter ou vendre une maison ou un terrain, louer un appartement,
mais aussi des voitures dтoccasion, des tУЉlУЉphones ou de l'УЉlectromУЉnager.
Vous y trouverez УЉgalement des offres dтemploi ou de services, du matУЉriel informatique, des produits multimУЉdia, mode et beautУЉ.
Passez une petite annonce gratuite partout en Mauritanie que vous soyez У  Nouakchott ou У  Nouadhibou ou n'importe quelle autre ville du pays. ТЉ 2010-2012 Wassit, Powered  by: ProgRIM Qui sommes nous? ТЗ Nous contacter ТЗ RУЈglement",wassit,34-92-43,climatisation,http://wassit.info/annonces/12155.html
Une maison УТ  vendre УТ  Las Palmas est une excellente opportunitУТЉ,Appartement,Location,,,,,,Las Palmas,Nouakchott,"Petites annonces gratuites en Mauritanie -  - FranУЇais иЙиБиЈй Accueil Immobilier Automobile Informatique TУЉlУЉphonie Import Export Emploi Divers Qui sommes nous? ТЗ Nous contacter ТЗ Publier votre annonces ТЗ Votre Compte ТЗ RУЈglement ТЗ Liens Tout les prix sont affichУЉs en ancienne ouguiya (MRO)... Une maison УТ  vendre УТ  Las Palmas est une excellente opportunitУТЉ Une maison УТ  vendre, la superficie est de 600 m, dans une grande rue, propice au logement, et elle dispose d'un document immobilier Ville: Ут УЫУТЇУЦУТДУЫУТЗ Nombre de visiteurs: 3078 L'annonceur: УТЇУтУТЎУХ УтІУТЉ УТЇУтУТЙУ E-mail: amdair07@gmail.com TУЉlУЉphone: 22-77-16-12 Publier cette annonce sur Facebook M   Envoyer l'annonce У  vos contacts E-mail nТА 1 E-mail nТА 2 E-mail nТА 3 E-mail nТА 4 E-mail nТА 5 E-mail nТА 6 Envoyer M Т   Envoyer un message У  L'annonceur CatУЉgorie: Avis Proposition Plainte Nom: ----- TУЉlУЉphone: ------- E-mail: ----- Titre: DУЉtails : Envoyer Revenir Inscription Connexion Publiez gratuitement votre annonce ici Espace publicitaire payant Tel : 22.25.46.25 Email: wassit@
qui propose des bonnes affaires et des annonces en ligne pour acheter ou vendre une maison ou un terrain, louer un appartement,
mais aussi des voitures dтoccasion, des tУЉlУЉphones ou de l'УЉlectromУЉnager.
Vous y trouverez УЉgalement des offres dтemploi ou de services, du matУЉriel informatique, des produits multimУЉdia, mode et beautУЉ.
Passez une petite annonce gratuite partout en Mauritanie que vous soyez У  Nouakchott ou У  Nouadhibou ou n'importe quelle autre ville du pays. ТЉ 2010-2012 Wassit, Powered  by: ProgRIM Qui sommes nous? ТЗ Nous contacter ТЗ RУЈglement",wassit,22-77-16,climatisation,http://wassit.info/annonces/12145.html
Station avec garage,Appartement,Location,60000000.0,,,,,,Nouakchott,"Petites annonces gratuites en Mauritanie -  - FranУЇais иЙиБиЈй Accueil Immobilier Automobile Informatique TУЉlУЉphonie Import Export Emploi Divers Qui sommes nous? ТЗ Nous contacter ТЗ Publier votre annonces ТЗ Votre Compte ТЗ RУЈglement ТЗ Liens Tout les prix sont affichУЉs en ancienne ouguiya (MRO)... Station avec garage Station avec garage et place montage des voitures juste pk8 cУТДtУТЉ garage rosso Prix (en MRO):  60,000,000 Ville: Ут УЫУТЇУЦУТДУЫУТЗ Nombre de visiteurs: 3399 L'annonceur: Djibril 2 E-mail: diallod750@gmail.com TУЉlУЉphone: 33-63-63-50 Publier cette annonce sur Facebook M   Envoyer l'annonce У  vos contacts E-mail nТА 1 E-mail nТА 2 E-mail nТА 3 E-mail nТА 4 E-mail nТА 5 E-mail nТА 6 Envoyer M Т   Envoyer un message У  L'annonceur CatУЉgorie: Avis Proposition Plainte Nom: ----- TУЉlУЉphone: ------- E-mail: ----- Titre: DУЉtails : Envoyer Revenir Inscription Connexion Publiez gratuitement votre annonce ici Espace publicitaire payant Tel : 22.25.46.25 Email: wassit@
qui propose des bonnes affaires et des annonces en ligne pour acheter ou vendre une maison ou un terrain, louer un appartement,
mais aussi des voitures dтoccasion, des tУЉlУЉphones ou de l'УЉlectromУЉnager.
Vous y trouverez УЉgalement des offres dтemploi ou de services, du matУЉriel informatique, des produits multimУЉdia, mode et beautУЉ.
Passez une petite annonce gratuite partout en Mauritanie que vous soyez У  Nouakchott ou У  Nouadhibou ou n'importe quelle autre ville du pays. ТЉ 2010-2012 Wassit, Powered  by: ProgRIM Qui sommes nous? ТЗ Nous contacter ТЗ RУЈglement",wassit,33-63-63,"garage, climatisation",http://wassit.info/annonces/12136.html
УтУТЗУТЙУТЉ УТЇУТБУТЖ УтУтУТЈУХ УТЙ,Appartement,Location,,,,,,,Nouakchott,"Petites annonces gratuites en Mauritanie -  - FranУЇais иЙиБиЈй Accueil Immobilier Automobile Informatique TУЉlУЉphonie Import Export Emploi Divers Qui sommes nous? ТЗ Nous contacter ТЗ Publier votre annonces ТЗ Votre Compte ТЗ RУЈglement ТЗ Liens Tout les prix sont affichУЉs en ancienne ouguiya (MRO)... УтУТЗУТЙУТЉ УТЇУТБУТЖ УтУтУТЈУХ УТЙ Ут УХ УтІУТБУЫ УТУХ  УТЇУт УЫУТЇУТАУХ УТЈУЫ 150УтІУТЊУТБУТУХ  УТЏУЫУТЈУХ  10 УтІУтУХ УЫУт  УТЇУтУХ УТЉ УтУтУтІУТВУХ УТЏ УтІУт  УТЇУтУтІУТЙУтУЫУтІУТЇУТЊ 0034688771456 Ville: Ут УЫУТЇУТАУХ УТЈУЫ Nombre de visiteurs: 2894 L'annonceur: УтУТЗУТЙУТЉ УТЇУТБУТЖ УтУт E-mail: jumeinisalambuha@gmail.com TУЉlУЉphone: 0034688771456 Publier cette annonce sur Facebook M   Envoyer l'annonce У  vos contacts E-mail nТА 1 E-mail nТА 2 E-mail nТА 3 E-mail nТА 4 E-mail nТА 5 E-mail nТА 6 Envoyer M Т   Envoyer un message У  L'annonceur CatУЉgorie: Avis Proposition Plainte Nom: ----- TУЉlУЉphone: ------- E-mail: ----- Titre: DУЉtails : Envoyer Revenir Inscription Connexion Publiez gratuitement votre annonce ici Espace publicitaire payant Tel : 22.25.46.25 Email: wassit@
qui propose des bonnes affaires et des annonces en ligne pour acheter ou vendre une maison ou un terrain, louer un appartement,
mais aussi des voitures dтoccasion, des tУЉlУЉphones ou de l'УЉlectromУЉnager.
Vous y trouverez УЉgalement des offres dтemploi ou de services, du matУЉriel informatique, des produits multimУЉdia, mode et beautУЉ.
Passez une petite annonce gratuite partout en Mauritanie que vous soyez У  Nouakchott ou У  Nouadhibou ou n'importe quelle autre ville du pays. ТЉ 2010-2012 Wassit, Powered  by: ProgRIM Qui sommes nous? ТЗ Nous contacter ТЗ RУЈglement",wassit,,climatisation,http://wassit.info/annonces/12100.html
malh sekter 5,Appartement,Location,5000000.0,,,,,,Nouakchott,"Petites annonces gratuites en Mauritanie -  - FranУЇais иЙиБиЈй Accueil Immobilier Automobile Informatique TУЉlУЉphonie Import Export Emploi Divers Qui sommes nous? ТЗ Nous contacter ТЗ Publier votre annonces ТЗ Votre Compte ТЗ RУЈglement ТЗ Liens Tout les prix sont affichУЉs en ancienne ouguiya (MRO)... malh sekter 5 УтЁУХ  УТЏУТЇУТБ УТЊУТЊУЦУЫУт  УтІУт  УТЕУтУЫУтЁ УЫУТЈУХ УТЊУХ Ут  УЫУтЁУЫУт УЫУТЈУТЊУХ УЦ УЫ УТЏУЫУТД УЫУЦУЫУТВУХ Ут   УЫУТУТЇУТЊУТ­ УТЙУтУтА УтІУТЈУТЏУХ УТЉ УтІУТЊУЫУТГУТЗУТЉ УЫУТЈУХ Ут УтЁ УтІУТЙ УТЇУтУЦУТБУт  УТЏУТЇУТБ УЫУТ­УТЏУТЉ УтУТБУХ УТЈ УтІУт  УТЇУтУТЇУТЙУТЏУТЇУТЏУХ УТЉ УТЌУТЏУТЇ УтІУТЄУТЌУТБУТЉ УТЈ 30000УТДУтЁУТБУХ УТЇ Prix (en MRO):  5,000,000 Ville: Ут УЫУТЇУЦУТДУЫУТЗ Nombre de visiteurs: 2781 L'annonceur: yh E-mail: adel327693@gmail.com TУЉlУЉphone: 32-37-49-90 Publier cette annonce sur Facebook M   Envoyer l'annonce У  vos contacts E-mail nТА 1 E-mail nТА 2 E-mail nТА 3 E-mail nТА 4 E-mail nТА 5 E-mail nТА 6 Envoyer M Т   Envoyer un message У  L'annonceur CatУЉgorie: Avis Proposition Plainte Nom: ----- TУЉlУЉphone: ------- E-mail: ----- Titre: DУЉtails : Envoyer Revenir Inscription Connexion Publiez gratuitement votre annonce ici Espace publicitaire payant Tel : 22.25.46.25 Email: wassit@
qui propose des bonnes affaires et des annonces en ligne pour acheter ou vendre une maison ou un terrain, louer un appartement,
mais aussi des voitures dтoccasion, des tУЉlУЉphones ou de l'УЉlectromУЉnager.
Vous y trouverez УЉgalement des offres dтemploi ou de services, du matУЉriel informatique, des produits multimУЉdia, mode et beautУЉ.
Passez une petite annonce gratuite partout en Mauritanie que vous soyez У  Nouakchott ou У  Nouadhibou ou n'importe quelle autre ville du pays. ТЉ 2010-2012 Wassit, Powered  by: ProgRIM Qui sommes nous? ТЗ Nous contacter ТЗ RУЈglement",wassit,32-37-49,climatisation,http://wassit.info/annonces/12081.html
Espace publicitaire payant,Appartement,Location,5500000.0,,,,,,Nouakchott,"Petites annonces gratuites en Mauritanie -  - FranУЇais иЙиБиЈй Accueil Immobilier Automobile Informatique TУЉlУЉphonie Import Export Emploi Divers Qui sommes nous? ТЗ Nous contacter ТЗ Publier votre annonces ТЗ Votre Compte ТЗ RУЈglement ТЗ Liens Tout les prix sont affichУЉs en ancienne ouguiya (MRO)... RIYAD J'AI UN TERRAIN ARIYAD LA  SUPERFICIE DE CHACUN D'EUX EST DE 18SUR 15 L'un  d'EUX AUNE FONDATION BATIMMENT ET EST OUVERT SUR DEUX GRANDES rues et le second sur une place publique etils sont situes pres du gouverneur de riayd Prix (en MRO):  5,500,000 Ville: Ут УЫУТЇУЦУТДУЫУТЗ Nombre de visiteurs: 3086 L'annonceur: YH E-mail: adel327693@gmail.com TУЉlУЉphone: 32-37-49-90 Publier cette annonce sur Facebook M   Envoyer l'annonce У  vos contacts E-mail nТА 1 E-mail nТА 2 E-mail nТА 3 E-mail nТА 4 E-mail nТА 5 E-mail nТА 6 Envoyer M Т   Envoyer un message У  L'annonceur CatУЉgorie: Avis Proposition Plainte Nom: ----- TУЉlУЉphone: ------- E-mail: ----- Titre: DУЉtails : Envoyer Revenir Inscription Connexion Publiez gratuitement votre annonce ici Espace publicitaire payant Tel : 22.25.46.25 Email: wassit@
qui propose des bonnes affaires et des annonces en ligne pour acheter ou vendre une maison ou un terrain, louer un appartement,
mais aussi des voitures dтoccasion, des tУЉlУЉphones ou de l'УЉlectromУЉnager.
Vous y trouverez УЉgalement des offres dтemploi ou de services, du matУЉriel informatique, des produits multimУЉdia, mode et beautУЉ.
Passez une petite annonce gratuite partout en Mauritanie que vous soyez У  Nouakchott ou У  Nouadhibou ou n'importe quelle autre ville du pays. ТЉ 2010-2012 Wassit, Powered  by: ProgRIM Qui sommes nous? ТЗ Nous contacter ТЗ RУЈglement",wassit,32-37-49,climatisation,http://wassit.info/annonces/12080.html
Studio ou appartement,Appartement,Location,50000.0,,,,,,Nouakchott,"Petites annonces gratuites en Mauritanie -  - FranУЇais иЙиБиЈй Accueil Immobilier Automobile Informatique TУЉlУЉphonie Import Export Emploi Divers Qui sommes nous? ТЗ Nous contacter ТЗ Publier votre annonces ТЗ Votre Compte ТЗ RУЈglement ТЗ Liens Tout les prix sont affichУЉs en ancienne ouguiya (MRO)... Studio ou appartement Je cherche un studio oУТЙ AP УТ  tevragh Zeina, citУТЉ plage ou Ilot k Prix (en MRO):  50,000 Ville: Nouakchott - Mauritanie Nombre de visiteurs: 3164 L'annonceur: Falloumar E-mail: Fallswaggk3@gmail.com TУЉlУЉphone: 48-63-45-64 Publier cette annonce sur Facebook M   Envoyer l'annonce У  vos contacts E-mail nТА 1 E-mail nТА 2 E-mail nТА 3 E-mail nТА 4 E-mail nТА 5 E-mail nТА 6 Envoyer M Т   Envoyer un message У  L'annonceur CatУЉgorie: Avis Proposition Plainte Nom: ----- TУЉlУЉphone: ------- E-mail: ----- Titre: DУЉtails : Envoyer Revenir Inscription Connexion Publiez gratuitement votre annonce ici Espace publicitaire payant Tel : 22.25.46.25 Email: wassit@
qui propose des bonnes affaires et des annonces en ligne pour acheter ou vendre une maison ou un terrain, louer un appartement,
mais aussi des voitures dтoccasion, des tУЉlУЉphones ou de l'УЉlectromУЉnager.
Vous y trouverez УЉgalement des offres dтemploi ou de services, du matУЉriel informatique, des produits multimУЉdia, mode et beautУЉ.
Passez une petite annonce gratuite partout en Mauritanie que vous soyez У  Nouakchott ou У  Nouadhibou ou n'importe quelle autre ville du pays. ТЉ 2010-2012 Wassit, Powered  by: ProgRIM Qui sommes nous? ТЗ Nous contacter ТЗ RУЈglement",wassit,48-63-45,climatisation,http://wassit.info/annonces/12043.html
PEAUGEOT 406,Appartement,Location,,,,,,,Nouakchott,"Petites annonces gratuites en Mauritanie -  - FranУЇais иЙиБиЈй Accueil Immobilier Automobile Informatique TУЉlУЉphonie Import Export Emploi Divers Qui sommes nous? ТЗ Nous contacter ТЗ Publier votre annonces ТЗ Votre Compte ТЗ RУЈglement ТЗ Liens Tout les prix sont affichУЉs en ancienne ouguiya (MRO)... PEAUGEOT 406 A DISCUTER NEGOCIABLE Ville: Nouakchott - Mauritanie Nombre de visiteurs: 2924 L'annonceur: A tall E-mail: aboutall.tall@gmail.com TУЉlУЉphone: 22-25-27-03 Publier cette annonce sur Facebook M   Envoyer l'annonce У  vos contacts E-mail nТА 1 E-mail nТА 2 E-mail nТА 3 E-mail nТА 4 E-mail nТА 5 E-mail nТА 6 Envoyer M Т   Envoyer un message У  L'annonceur CatУЉgorie: Avis Proposition Plainte Nom: ----- TУЉlУЉphone: ------- E-mail: ----- Titre: DУЉtails : Envoyer Revenir Inscription Connexion Publiez gratuitement votre annonce ici Espace publicitaire payant Tel : 22.25.46.25 Email: wassit@
qui propose des bonnes affaires et des annonces en ligne pour acheter ou vendre une maison ou un terrain, louer un appartement,
mais aussi des voitures dтoccasion, des tУЉlУЉphones ou de l'УЉlectromУЉnager.
Vous y trouverez УЉgalement des offres dтemploi ou de services, du matУЉriel informatique, des produits multimУЉdia, mode et beautУЉ.
Passez une petite annonce gratuite partout en Mauritanie que vous soyez У  Nouakchott ou У  Nouadhibou ou n'importe quelle autre ville du pays. ТЉ 2010-2012 Wassit, Powered  by: ProgRIM Qui sommes nous? ТЗ Nous contacter ТЗ RУЈglement",wassit,22-25-27,climatisation,http://wassit.info/annonces/12040.html
Description,Villa,Location,70000.0,,2.0,,,Arafat,Nouakchott,Vente et Location A vendre A louer location courte durУЉe,lagence-mr,,"piscine, garage, climatisation, sУЉcuritУЉ, meublУЉ",https://lagence-mr.com/bien/appartement-meuble-haut-standing/
Description,Villa,Location,80000.0,,2.0,,,Arafat,Nouakchott,Vente et Location A vendre A louer location courte durУЉe,lagence-mr,,"piscine, garage, climatisation, jardin, terrasse, sУЉcuritУЉ, meublУЉ",https://lagence-mr.com/bien/duplexe-meuble-a-louer/
Description,Villa,Location,50000.0,,4.0,,,Arafat,Nouakchott,Vente et Location A vendre A louer location courte durУЉe,lagence-mr,,"climatisation, sУЉcuritУЉ",https://lagence-mr.com/bien/maison-spacieuse-a-louer/
Description,Villa,Location,30000.0,,2.0,,,Arafat,Nouakchott,Vente et Location A vendre A louer location courte durУЉe,lagence-mr,,"climatisation, sУЉcuritУЉ",https://lagence-mr.com/bien/maison-a-louer-3/
Description,Villa,Location,60000.0,,5.0,,,Arafat,Nouakchott,Vente et Location A vendre A louer location courte durУЉe,lagence-mr,,"climatisation, sУЉcuritУЉ",https://lagence-mr.com/bien/maison-a-louer-2/
Description,Villa,Location,80000.0,,2.0,,,Arafat,Nouakchott,Vente et Location A vendre A louer location courte durУЉe,lagence-mr,,"piscine, climatisation, sУЉcuritУЉ, meublУЉ",https://lagence-mr.com/bien/villa-meublee-avec-piscine/
Description,Villa,Location,70000.0,,2.0,,,Arafat,Nouakchott,Vente et Location A vendre A louer location courte durУЉe,lagence-mr,,"garage, climatisation, sУЉcuritУЉ, meublУЉ",https://lagence-mr.com/bien/appartement-meuble-7/
Description,Villa,Location,18000.0,,2.0,,,Arafat,Nouakchott,Vente et Location A vendre A louer location courte durУЉe,lagence-mr,,"climatisation, sУЉcuritУЉ",https://lagence-mr.com/bien/appartement-neuf-4/
Description,Villa,Location,60000.0,,2.0,,,Arafat,Nouakchott,Vente et Location A vendre A louer location courte durУЉe,lagence-mr,,"piscine, climatisation, sУЉcuritУЉ",https://lagence-mr.com/bien/magnifique-complexe-dappartements/
